"POS.HUJAN.ID","NAME","CURRENT.LATITUDE","CURRENT.LONGITUDE","CURRENT.ELEVATION.M","JAN","FEB","MAR","APR","MAY","JUN","JUL","AUG","SEP","OKT","NOV","DES","ANNUAL"
1,"Pos 1",-6.46042,106.85642,146,228.958750862456,634.125956997046,368.91240776548,279.784974081321,277.51687287645,140.367477639853,109.851553262974,140.255502183227,82.0972714854807,210.504329909846,230.319662096024,531.424485121837,3234.119244282
2,"Pos 2",-6.4679,107.0659,137,639.976642766571,483.019522559449,511.671533062704,374.541411690642,358.873344640892,169.69779141151,94.4253920399539,53.2017782960163,152.359959171345,654.902451027764,247.721790347472,173.536641367561,3913.92825838188
3,"Pos 3",-6.51,107.02,169,292.854542182312,428.713107068587,277.145716418599,191.418384250903,313.63277593401,146.074139112923,92.6378316147072,28.8350954760289,87.0458964104597,139.254564562722,399.4438910321,463.263286542096,2860.31923060545
4,"Pos 4",-6.41425,106.96208,90,659.71550092945,519.443744244222,130.457723058305,567.114006867422,209.797754349436,266.408326917878,72.9250890359955,109.757337756923,31.5698734231334,175.554313552835,462.061990664425,60.2593508085585,3265.06501160858
5,"Pos 5",-6.41983,107.03128,100,285.132135833339,443.37857638362,451.200317614374,408.748568284372,423.528492594179,35.2510528299449,26.4819336643322,1.97946213585712,104.991880633616,120.86163868529,387.071479257634,316.382463921899,3005.00800183846
6,"Pos 6",-6.50425,107.13297,128,254.848113252416,408.371887490847,514.734996426811,543.772897507003,241.999451011727,40.7958432931963,41.4533296877975,147.572033930447,175.575794201988,95.2640326004738,312.471440007852,547.982911925919,3324.84273133648
7,"Pos 7",-6.61978,107.158,115,107.829537937957,498.853222757679,303.391341486039,266.889893774366,183.481681529395,79.469406755314,25.9569703532134,17.8674288617444,244.691359928537,404.908846466938,257.882424615941,578.531844680836,2969.75395914796
8,"Pos 8",-6.75149,107.25968,241,229.707919295659,545.876451495151,584.405359807532,313.019576559126,312.456952915449,193.07996482823,43.5605862417415,78.3537541641646,168.529343793961,193.640859582268,290.353083030904,487.233821599635,3440.21767331382
9,"Pos 9",-6.38646,106.72666,88,446.54876098527,517.124321281864,209.352332961002,68.338844167063,240.673803844344,29.3800948607696,98.8895876532673,36.6846327715155,164.335553925577,148.556806717126,256.419209037617,329.029827912623,2545.33377611804
10,"Pos 10",-6.4954,106.7416,144,310.996190763501,367.336854712934,287.33140227568,289.382431271876,318.06685930878,190.709506748408,4.33733007012628,44.5268143936453,62.842320668004,20.9330005447073,555.877135314072,472.368751168239,2924.70859723997
11,"Pos 11",-6.5089,106.78602,152,490.519255728271,587.020530322592,316.194233222073,296.361802516151,421.268215373065,248.789848417378,46.4127595744343,125.447574509369,111.869810400948,245.738718086895,491.157184916866,438.652351969303,3819.43228503734
12,"Pos 12",-6.45347,106.7991,134,560.994086009828,504.309543983077,763.73850649936,678.77332128973,336.132914026679,297.97964280599,148.26385720015,0.620006267362363,191.318400393412,173.002343538941,340.446878071409,769.966279759169,4765.54577984511
13,"Pos 13",-6.47041,106.8054,127,663.177789220042,464.836126099802,231.565776514746,163.788916136761,395.561548555337,124.075965739632,42.9989281227099,60.9966598889573,105.413357297556,122.162015830906,393.782898103736,479.16922811148,3247.52920962167
14,"Pos 14",-6.47347,106.468,133,639.138951504434,286.40886848683,372.603200048667,325.558349467871,109.260161637755,190.00046869631,74.597942620303,54.1685490458867,57.5292473567906,237.616039838041,352.33135581646,624.323863665206,3323.53699818456
15,"Pos 15",-6.38,106.55,53,229.559931507272,406.019538422569,403.728995850867,351.971122899246,452.420572356355,75.4681110611923,76.5567427599092,94.2087792416957,173.576176583672,482.46914341468,145.868482324216,373.3859975145,3265.23359393617
16,"Pos 16",-6.43607,106.52238,272,82.3355931447221,403.292443310233,280.816911844005,465.301688636362,417.033097301069,467.833940802581,69.9160878067504,43.3897046930962,31.1257011964487,23.4156127981076,227.999646711909,141.518294258005,2653.97872250329
17,"Pos 17",-6.55278,106.53858,384,234.793203916843,374.86891229251,270.168724848752,248.343207597311,402.006513082359,42.0151964706997,75.1203530203303,59.8545563918067,54.3673690590732,633.494686825609,286.537271651029,451.924445264769,3133.49444042109
18,"Pos 18",-6.6985,106.9877,1360,269.708597468412,723.551206244725,318.757561562014,402.093943215003,261.727919823343,282.065560368748,118.409171691403,182.881878170115,70.7736766706556,410.927393384213,605.182647049109,487.088364103748,4133.16791975149
19,"Pos 19",-6.7028,106.938,1051,220.024675757539,309.041864515319,431.810063648267,429.542969084778,75.4478375719491,390.595191604453,1.3968267992459,38.3411514602069,5.91112437109585,163.177013898168,88.7522621592622,542.671601390689,2696.71258226097
20,"Pos 20",-6.6862,106.92534,887,374.396557852808,250.413069966771,517.963870217341,100.208690502124,189.353814813983,194.271153350143,59.7421661222078,41.2782173154567,176.138089283133,344.480246594385,327.081762412545,685.524797489286,3260.85243592019
21,"Pos 21",-6.70917,106.96739,1109,401.421499159607,570.969804354224,213.439234661604,534.252426432397,403.72084469505,294.707034563479,89.8274429417006,48.4591921461209,6.4120005733064,316.715277250702,327.51136843866,654.839822770148,3862.275947987
22,"Pos 22",-6.65692,106.86383,517,78.8754163918962,530.728889173605,121.591200026327,340.923662578719,250.808208302705,257.690017867765,32.0014376151212,16.6027299521523,79.4779291721285,218.468735416567,335.929980852499,516.788096303926,2779.88630365341
23,"Pos 23",-6.40533,106.84581,109,586.568387985873,375.82245272855,554.247797270561,243.433691435229,245.949347456706,157.217902768427,110.828555843791,39.6309452765662,60.5509802368963,350.665903204949,66.5424161626777,302.620936103517,3094.07931647374
24,"Pos 24",-6.5259,106.7166,142,497.240091602315,517.852222000506,423.61385659934,308.274988188677,250.919491885824,334.551514709164,83.8379182001208,92.1067239854392,75.5901514554734,267.398544356708,460.931361976782,382.728549101597,3695.04541406195
25,"Pos 25",-6.98543,106.54378,32,293.915238351866,380.426012122991,332.241123775334,215.893825827028,130.469669595307,18.9624619124672,19.4404401356999,110.186094398376,50.0918282915719,236.996249563688,18.5823484528351,246.23943974528,2053.44473217244
26,"Pos 26",-6.98769,106.55717,143,462.140727336713,464.132469005944,165.398422431517,315.810032420194,293.870999305958,100.880826230427,131.499000780558,144.393339139692,205.838324631544,112.987452880815,191.752904384066,310.789571964217,2899.49407051165
27,"Pos 27",-6.93538,106.47084,131,393.872797054135,340.640244278252,475.982853025081,301.761826178647,70.6755600927775,276.880878699063,143.196452284597,1.52677806503288,59.8450155054397,531.025499753792,113.715033101238,141.288916237412,2850.41185427547
28,"Pos 28",-6.92455,106.52105,334,3.85939637145987,431.766076257731,26.2822651581557,342.14176073515,70.8754095958221,6.65125405015161,72.9701133268714,14.9724070398236,15.9834698529112,246.903215203967,410.996376769285,96.1788439116238,1739.58058827295
29,"Pos 29",-6.85997,106.69727,519,49.8987402516798,530.482805556413,446.548493205771,223.350987370046,151.858679084164,115.435212766755,78.2418661775041,83.8883373216139,153.463653360048,7.94334527690859,359.932356464491,692.589231121516,2893.63370795691
30,"Pos 30",-7.13099,106.69235,606,412.019569399103,201.897838376083,462.789111786252,284.52735297641,109.265850280069,165.037078030034,81.4200181222995,1.03976527783878,73.9640185294805,349.424690049052,101.942906502583,290.977324151484,2534.30552348069
31,"Pos 31",-7.05653,106.85605,625,321.765722351654,913.345671331604,275.963852027513,151.666889628746,223.2428621956,47.2292481863718,32.4699142458772,161.383955362051,115.110382350502,410.241511554998,600.530236319426,556.05122088916,3809.0014664435
32,"Pos 32",-7.1002,106.76517,573,246.363284312181,544.810497224365,372.739139295875,241.684072566955,88.2795489789038,287.075150515973,98.5294954595539,60.0562746762825,66.0682549195013,26.6387077982511,166.537804169423,715.056929829423,2913.83915974669
33,"Pos 33",-6.98333,106.7167,149,105.698758780913,87.5728409151801,466.05021203801,350.133166205619,28.0875919661043,17.5022809588977,86.8302422521366,168.176395744916,36.6366514833189,482.492598661818,411.316051719784,267.621977664232,2508.11876839093
34,"Pos 34",-6.95162,106.7501,352,713.364025420419,52.5955473305294,343.012260735698,374.616159800183,557.020879880451,224.507471172381,71.0102206354162,101.171319150108,131.214608987696,155.666085026317,278.897138483584,774.438980202302,3777.51469682509
35,"Pos 35",-6.98683,106.78768,341,77.2634430649067,185.037569947679,339.404763334682,213.223230722986,399.978816745091,126.257849540494,65.5106148206717,100.835689411373,271.713202382723,96.8475652302944,264.546519295049,366.803168252149,2507.4224327481
36,"Pos 36",-6.88312,106.77317,400,617.730232668394,608.829782843759,382.014677459141,375.43312594308,454.123491759573,235.153989368072,63.3459435223584,275.636003863807,52.2044917977512,665.738320478783,400.561968181416,418.446281921079,4549.21830980721
37,"Pos 37",-6.8,106.7,606,552.166361515235,318.865458562252,813.338244923461,393.602604377255,281.955606000366,303.913650897191,141.712901266871,15.9807479894422,67.9864222383762,223.808219624465,118.888358425924,342.858246805706,3575.07682262654
38,"Pos 38",-6.8374,106.6608,650,220.601535356459,437.587035750541,114.213893187743,264.908669064743,338.735239803922,95.8584759429287,92.4342170683561,14.5543846544933,206.823909560551,401.636110754741,161.075619107003,100.14159666673,2448.57068691821
39,"Pos 39",-7.25458,106.62453,341,501.629174547438,470.670557061631,313.212415118665,371.84727120135,398.350058025204,320.278147597942,200.072721049025,25.4167671095272,146.313913706504,475.368363580259,176.402455923739,918.867253186681,4318.42909810797
40,"Pos 40",-7.26,106.63,278,519.7187198546,552.49347320463,164.099972634001,374.055146494312,344.975866493339,162.972965788445,95.7692453406641,71.1530234471278,36.8602524545983,426.940135713728,352.114662636955,91.4248760324066,3192.57834009481
41,"Pos 41",-7.12617,106.6301,689,323.64253381502,509.424972558974,424.386908044471,293.117251118457,288.86759074775,283.194917602043,8.72908036992055,179.29438061575,284.882169023366,166.72572567168,454.991673315102,176.459079447267,3393.7162823298
42,"Pos 42",-7.1,106.61,685,235.902615609287,464.050486184023,327.425807393466,284.93426149166,156.093844815241,161.816280266958,71.7348104444457,101.136380293007,121.771716801346,92.8619822923885,133.861433678712,988.86652449634,3140.45614376687
43,"Pos 43",-7.32469,106.41306,0,381.027066294949,494.325667013635,236.528540254659,84.1780705803538,254.319685918266,189.211814536261,98.3317022783652,31.2426350208243,110.310302809133,439.116636087708,142.22006221973,355.67044295868,2816.48262597256
44,"Pos 44",-6.90973,106.93379,651,400.700073241098,575.846695576759,481.445801236319,350.631946290484,310.313673945243,232.777496948854,57.9807183879828,22.7762882310417,50.1561621322011,701.371105234962,270.63770402539,543.26039140009,3997.89805665042
45,"Pos 45",-6.99003,107.02842,716,568.787005180481,275.324872441909,490.356377369628,482.319529774006,309.387165681592,2.60878861280892,58.0471608643984,35.6557008922,111.986185216883,170.05807359662,388.607864281464,490.200747991053,3383.33947190304
46,"Pos 46",-7.32432,106.42866,50,646.124333038736,258.379278363009,280.580709284481,390.653854506842,239.284013028135,182.751651852441,115.835407313564,30.580382712723,53.4865227874159,417.239118886819,271.674555003224,243.375791759456,3129.96561853685
47,"Pos 47",-7.35955,106.6617,90,288.009354315785,861.115227265247,514.804016029734,275.035576062827,195.196926421614,181.239470766017,72.9245584285107,145.583665486305,158.472445371598,203.630401657283,55.2144408747605,96.9951649340446,3048.22124761373
48,"Pos 48",-6.93077,107.121,495,305.954527434651,425.182716832829,365.524748165401,274.506330861523,158.158362048499,153.012463932971,104.237420600026,52.2059599626965,185.958597344496,371.440409919525,301.802769236346,420.384330395089,3118.36863673405
49,"Pos 49",-6.85107,107.26867,347,475.478189578394,522.252723378556,307.653941211599,414.468878840179,178.547811059928,55.9419181404394,140.618400247156,137.564123158339,174.002819426204,151.011627440599,133.713110793899,306.429705850944,2997.68324912623
50,"Pos 50",-6.71265,107.0063,1341,334.713516387235,496.982418574831,418.710239754583,208.878630838946,154.178237799559,64.2678404798634,121.95387676135,5.75960673411107,212.91164054501,443.142862131075,308.443636684803,663.664767317889,3433.60727400925
51,"Pos 51",-6.733,107.1833,420,387.03515982694,647.596635110612,74.4266167415747,525.311574058557,249.423102982984,167.652139441185,111.051789617715,115.636334803817,142.656950638002,236.725203906531,306.503521520857,448.679388087047,3412.69841673582
52,"Pos 52",-6.719,107.24204,369,371.305101657913,583.037182712401,111.241119129635,236.661911582388,188.042698695929,99.3654182120208,32.7392919099854,77.0666985848039,27.2549850926624,6.85438787063032,318.952089816614,173.052776525585,2225.57366179057
53,"Pos 53",-6.72079,107.21086,313,230.917413712997,483.961274593755,418.585735446017,277.875003245735,251.306768454791,132.250917659659,21.149679078888,21.3552593954028,17.2232506865061,164.369582523327,497.546564202931,652.373420935073,3168.91486993508
54,"Pos 54",-7.14462,107.08145,785,338.707884647777,599.638077001135,608.608073910591,77.196409265833,180.345605421551,58.2994844894646,111.666910348558,97.0128067247905,96.8143950566333,156.411187820045,361.334098950565,412.149855085324,3098.18478872227
55,"Pos 55",-7.1,107.06,985,371.832320175766,394.610814330535,370.902313521817,329.737413348103,322.929786448263,99.717275820416,24.8410936956309,143.411598307535,4.40449135717091,471.641332898781,361.5486411903,584.402028501439,3479.97910959576
56,"Pos 56",-7.09775,107.13167,917,302.022351113265,323.426807092348,617.631503930489,228.950546079152,283.73864579264,3.61724544174498,126.168981090278,128.571666920448,125.403783776443,15.2669881954948,318.961328790446,370.525000224487,2844.28484844724
57,"Pos 57",-7.0115,107.07295,1008,727.906541960951,848.554545732715,94.9041382114929,417.23297417077,310.291016492617,142.561869562529,1.84288496207544,15.0666421324808,143.401014023345,97.2678021219257,423.028437748666,145.247506173284,3367.30537329285
58,"Pos 58",-7.02303,107.1198,1057,176.593142167018,595.681597827856,176.157371831125,365.153075543418,240.997211576989,201.546045879527,61.3038775095831,59.0150867118139,203.946734918124,223.521539085494,264.275068265953,634.604642076877,3202.79539339378
59,"Pos 59",-7.03744,107.11447,1080,250.776644842117,640.45011240363,334.223940915285,246.454477060199,234.41489847355,114.823551786231,8.60557620045613,175.95753256682,43.430421315121,225.556832740975,174.613907662751,499.261279942835,2948.56917590997
60,"Pos 60",-6.99831,107.14234,1004,437.588781627603,505.595067488743,176.059580271663,409.509960548591,268.687232147131,212.276072123016,14.8128055688054,124.991468932761,79.7346954895567,292.619677468563,205.61532319712,380.521405699121,3108.01207056267
61,"Pos 61",-7.28018,107.08497,168,344.453173887303,532.684988450189,763.030432341412,335.416437314411,161.000500511434,13.4971075821713,89.6159239493006,139.078662685178,38.6445422858057,407.715204366593,272.763698988798,773.326010412383,3871.22668277498
62,"Pos 62",-7.4082,106.9917,80,338.373857111188,403.492527433736,515.725296985068,132.690353862201,20.775996219366,289.512039138932,49.2729397856193,226.719626223708,179.606031128041,307.62873705911,255.842735623249,744.613509700649,3464.25365027087
63,"Pos 63",-7.41428,106.9654,67,435.947342683695,506.037595543786,449.196089884321,255.302733170786,22.600248937531,78.6614194770515,19.9920225436114,24.8043364112198,127.187138195593,463.358149459648,337.101655989213,641.923066665772,3362.11179896223
64,"Pos 64",-6.8127,107.2565,334,462.212052032851,348.463403065551,313.894377417778,90.0628516521183,287.673781410947,197.042469061855,144.694109263688,19.0894675607992,180.255701053276,34.5215959086529,195.486187759145,485.109990382345,2758.50598656901
65,"Pos 65",-7.4153,106.92868,39,441.624650794528,326.911908688528,504.354435675986,240.563516364089,77.6155833593939,134.037282252359,97.2268457204235,124.181697851088,27.9842445559765,354.477523122916,271.329412226575,460.984884809649,3061.29198542151
66,"Pos 66",-6.94081,107.74375,715,227.956406351812,674.186489614708,491.345849014197,506.568436214783,243.949613187412,107.502122733766,80.0334615918674,74.0715370330012,173.741595997302,284.132036150266,328.631486576309,309.677239009614,3501.79627347504
67,"Pos 67",-7.21,107.5833,0,318.525040762574,445.153675662887,186.566698889045,173.558011489076,310.365366529667,42.2203300588624,41.0574412837016,30.9579979383221,93.1053616063318,23.0023548465371,123.716260646399,156.328769868198,1944.5573095816
68,"Pos 68",-7.18642,107.5771,1456,422.550257660465,383.768085669945,675.511825174268,339.873828235233,308.873053134479,331.492579078499,28.3731152063988,91.804364499423,70.5064861358908,330.253778093156,98.00767994289,636.418122439598,3717.43317527025
69,"Pos 69",-7.22257,107.54133,1505,525.967819460717,330.506807948715,250.731211996217,331.779619426253,343.978983185546,115.337283189554,26.030835578397,146.661235116673,148.516389361065,70.4595643367865,250.740840930278,502.68219387052,3043.39278440072
70,"Pos 70",-6.98132,107.83007,712,287.814187283798,564.013486937112,447.551513871024,336.219771078013,178.003123058329,70.1556820143028,17.8570323605442,125.858567573072,21.0105679769843,358.096709941784,182.905754632797,131.286384072786,2720.77278080055
71,"Pos 71",-6.76255,107.23282,293,392.855204175781,605.166350188058,330.821718251319,696.833185850833,306.027583223586,40.394258655104,6.94017804991274,96.2218546312829,167.039369184406,277.755431931025,85.1958286315624,101.729909059286,3106.98087183216
72,"Pos 72",-7.19023,107.61072,1526,216.859506111067,316.713537908987,379.108231060416,235.630940279809,332.179529460978,62.8176187506872,28.4384995063832,27.5026687656252,271.47644152943,341.592626705735,107.761450585647,372.682203221174,2692.76325388594
73,"Pos 73",-6.86331,107.23537,349,253.042161495608,590.702914466884,340.130932163018,389.912856029452,291.722652564671,75.6898469155811,52.5405109992019,26.9087977677629,141.936117470045,326.504298298041,392.590064794488,208.751776373871,3090.43292933862
74,"Pos 74",-6.99283,107.62567,696,346.514374075079,549.34501872899,834.235461139866,72.5880412198198,155.831368311921,176.801183007007,79.6134510669914,18.0814143595361,137.10120940891,454.667165962261,385.532584051291,478.829717516402,3689.14098884807
75,"Pos 75",-7.3033,107.125,360,389.715814601845,403.276455280171,331.028388690377,220.005166302015,383.964268458073,335.573823700875,11.8264585809285,19.0562517935169,85.8345618476878,197.211981750674,166.109641232033,435.784297833562,2979.38711007176
76,"Pos 76",-7.03942,107.4959,835,278.74517255373,616.766192420703,391.516860561208,388.411576141846,352.821275342052,3.51155646327578,15.1421190217375,85.3364231325111,112.048547100015,311.293745148264,28.3443850069474,565.105463845946,3149.04331673824
77,"Pos 77",-7.02529,107.54089,712,518.700163642049,270.025819073674,318.554403262891,291.398399665833,274.729816025763,377.893044335613,21.2446558646165,49.0582235912019,170.012393922549,330.429847975786,399.522717396994,615.305273371216,3636.87475812819
78,"Pos 78",-7.2057,107.40278,1764,343.367287020209,447.51420510272,195.202761032807,16.1571357194531,316.840307164263,185.394570992762,59.4003671546641,101.882314876996,307.26594092578,256.095885351536,464.217822990333,465.346620995719,3158.68521932724
79,"Pos 79",-7.20011,107.40019,1880,388.945998554465,447.676838967825,229.939351972443,46.8556881600423,241.729117655059,266.419776247642,89.5577325167784,93.9806738865869,190.702930828968,171.473269844155,461.560533374652,411.255617460711,3040.09752946933
80,"Pos 80",-7.14038,107.35332,1516,380.595457021432,697.282849741466,415.406167263269,212.577011906698,65.5665954603578,24.7534892492071,54.2266292739096,98.8457959059717,121.974232606449,396.820436441063,316.880364421431,243.756709805562,3028.68573909682
81,"Pos 81",-7.1,107.4667,1097,599.498651024563,408.07531460221,283.295220050087,331.623860603523,340.1823989208,139.253779098337,1.1569604834888,138.151063021678,59.0380131367923,16.7015413622526,317.677446703071,32.0317975912782,2666.68604659808
82,"Pos 82",-7.22206,107.564,1060,456.628904446303,707.514382775548,177.038234352921,231.752924207017,504.772881578067,187.157776633124,33.8641264156979,22.1523552975931,153.17711106933,1.55358595772788,478.819906607757,319.491994887054,3273.92418422814
83,"Pos 83",-7.18687,107.33292,1351,415.940277447334,7.19998182536887,349.432436328552,136.10375883968,126.136122886161,67.2964383686038,78.6772903501243,88.5388442593955,119.147335192331,366.193369692633,143.295706332634,269.863819661513,2167.82538118433
84,"Pos 84",-7.17558,107.98522,645,202.881420910467,403.60320673702,292.9563903255,654.057811213697,372.685238035238,329.135721990618,60.5886446204913,58.4553487082284,51.3469766484733,96.7381858306365,526.99459521623,520.52282042848,3569.96636066508
85,"Pos 85",-7.19,107.9,693,315.269305423138,234.975153551136,422.996430192087,378.113760305639,246.824008696393,255.908941740457,65.5880397462001,8.40312846013725,100.032432275643,404.418094159779,284.22366476401,355.933756276429,3072.68671559105
86,"Pos 86",-7.13571,107.8571,734,503.88837919007,437.58418268946,81.1593047624606,159.813902328656,182.663514063682,63.3392170003784,108.367172094564,91.2154104356146,148.916765092738,374.341997243561,295.991936088559,632.542352131228,3079.82413312097
87,"Pos 87",-7.63862,108.69624,250,211.303256412726,338.315227549999,596.426763601743,248.299459475921,508.235233786449,209.768725005484,87.5455786931596,5.40097946998715,285.611662760955,211.588020053228,194.171520244304,274.596362489672,3171.26278954363
88,"Pos 88",-7.06036,108.06,641,372.464191681595,352.204818546014,446.018636137715,371.717946161247,353.580363969919,371.61941705347,8.9593595680123,20.5050040478957,99.8782608341559,425.115948663956,265.571972347639,727.558638386357,3815.19455739798
89,"Pos 89",-7.31327,107.90995,1103,358.701540310823,303.869986420909,540.168887178775,180.563823609895,299.812679157362,68.1115411670358,118.058502312052,40.3652353235248,79.5329094383054,185.693328280301,247.747466158133,332.902721184566,2755.52862054168
90,"Pos 90",-7.36518,107.81123,1210,589.015244632765,582.068413583139,197.618218593278,319.947955922539,236.070286492895,30.4593534096333,49.9089407525393,122.59217176916,120.926944921643,238.442129881301,130.301691681614,686.107689641711,3303.45904128222
91,"Pos 91",-7.68739,107.88712,230,513.245016062271,180.182053436769,86.2187846850412,236.536722526516,326.088940187961,133.01157972757,19.6653510016543,39.5654787643594,13.5702073550338,380.155735561908,492.810954129053,3.75456311537511,2424.80538655351
92,"Pos 92",-7.467,107.6,435,336.610432156282,86.5340137900851,358.527738587087,444.305501355176,484.441141424288,64.3460461270103,53.021301269372,67.0549387383727,114.247275157761,224.426996649471,274.57383665403,483.145438835737,2991.23466074467
93,"Pos 93",-7.45803,107.63828,1428,486.961993587511,490.70469024053,483.095937024466,146.976209244458,240.085413657085,6.7017989037827,51.4519137298669,130.668878118189,84.1226751715743,107.179928646835,375.828721373711,615.914158204296,3219.69231790231
94,"Pos 94",-7.60248,108.13524,331,61.8365581367209,292.449913797841,216.633244764525,198.069468462084,240.009920454075,14.4510132423842,109.079391987522,55.5958791587591,23.2331962922534,730.110851534727,63.0212720452176,402.428972053219,2406.91968192933
95,"Pos 95",-7.48806,108.05306,826,177.605085381345,327.680012297605,329.184638842697,256.25085615579,182.641872392847,29.5917240980696,77.5057638529861,29.0239206153556,141.381588206106,242.007096081666,365.575242722721,289.52626715094,2447.97406779813
96,"Pos 96",-7.46042,107.98919,874,241.798884654066,836.573398869256,197.553135131912,274.270850974159,82.2158579275986,278.169933098065,84.1935229120504,23.7843950593921,73.9102492509621,64.9908610400732,240.688513688193,149.855151675341,2548.00475428107
97,"Pos 97",-7.40871,108.35899,307,367.667934964892,620.051990654566,420.89149075065,179.4860103978,316.738663742302,257.979114892637,40.039691964163,62.768500758345,143.369851020553,44.2901039017019,58.0971205381723,831.64051887793,3343.02099246371
98,"Pos 98",-7.35094,108.11108,463,499.439986959565,105.139111482166,375.787248962613,308.839923795278,312.10026556795,175.478433269463,140.480279502764,67.0820345547916,44.4144886262054,11.8409283657822,396.550989956258,599.222664165076,3036.37635520791
99,"Pos 99",-7.1167,108.1667,360,198.208542998187,272.925597174978,695.378323202492,353.129723535913,146.836675690304,5.92016648298022,78.4586947698027,2.53649291926011,119.150945657898,264.238216150794,27.9344084383847,168.609759126712,2333.32754614771
100,"Pos 100",-7.33619,108.36432,186,140.679295368928,512.446990457273,424.343126724628,221.220336370211,118.355268235411,136.429970610557,54.2650224507789,39.4972111428941,160.819748302995,62.2751031775182,176.619514371771,29.4812367576098,2076.43282397057
101,"Pos 101",-7.15,108.2667,768,416.329251057682,347.702923057812,609.846138574661,568.501827702067,257.162322074092,36.5749921464242,51.1756401435435,76.8913627620155,199.259056253797,504.175609627556,171.449940189602,687.727011151577,3926.79607474083
102,"Pos 102",-7.18699,108.3698,402,496.75687275352,475.353936977943,253.401426660133,337.505941746301,275.452871763941,254.895936090255,57.5132012170531,88.0406782298452,17.247202275961,389.639025835926,509.088779737138,690.916364277797,3845.81223756581
103,"Pos 103",-7.19739,108.38697,342,404.685378231305,513.026752878662,490.674020321221,344.733120563488,198.975563994453,191.889113952238,67.9740581533745,0.721885356206073,115.470139704064,447.486945835212,423.270774696628,930.439526682964,4129.34728036982
104,"Pos 104",-7.19744,108.5007,348,456.389450202306,455.520940204828,341.392454926944,176.596891428913,536.248556336175,89.4400914887814,33.6085224139289,8.17168816382703,243.718778285341,403.267688761682,131.887311508341,333.43133834309,3209.67371206416
105,"Pos 105",-7.24878,108.54244,385,215.792708322453,733.912053205582,523.032425190858,276.775276645465,236.819115128769,44.106669231064,122.899973206729,115.754457599401,93.1597548980407,202.619539729236,344.681815696946,838.181413830137,3747.73520268468
106,"Pos 106",-7.64619,108.75044,25,264.171998607138,435.984018778087,415.021717018107,147.94642891093,213.127479468092,66.3091827197469,116.706827605651,117.555959023119,257.223910229767,293.827441580092,267.552209489144,187.430892318237,2782.85806574811
107,"Pos 107",-7.68304,108.64991,9,510.740926804893,646.571773852119,530.051329193372,401.582928210964,295.876684868204,266.441774258853,99.3632638194079,42.6548460694191,69.8563459155013,192.623640463654,434.379192277565,102.6574062775,3592.80011201145
108,"Pos 108",-7.75109,108.43911,65,435.058982973522,215.729140764039,464.324699772313,528.162168882054,233.475684600313,462.957456841073,12.9152524803454,18.5247439530041,44.3585673933263,450.679500986502,408.681186962011,730.903187801546,4005.77057341005
109,"Pos 109",-7.31284,108.51149,132,392.550662131782,449.046371239006,272.350149802289,441.716600009982,154.5336993585,164.489037907647,143.733074406599,43.6542428097526,142.815812062726,212.080046767307,139.706547139045,684.634129987732,3241.31037362237
110,"Pos 110",-7.41684,108.564,27,362.273860606479,532.408476896796,441.552978885147,415.955664936017,457.878657032253,22.1130089665604,0.864175515697539,240.658914452134,134.367909729756,172.241333055939,89.7533009224526,555.596106298115,3425.66438729735
111,"Pos 111",-7.71139,108.48917,23,340.088696086068,733.178473338029,564.171746366996,174.833432759605,197.421063059252,57.1903957920014,104.026030732821,67.8659697718345,156.392570948875,295.078877559707,70.8410875040542,78.4908177534364,2839.57916167268
112,"Pos 112",-7.04292,108.50006,278,341.083122105597,289.397197204261,407.068175985664,350.276074311822,295.107455346681,79.9562743057874,140.272177997339,62.3214075133561,61.6358434316282,176.516275931798,323.729517208046,249.442599147235,2776.80612048921
113,"Pos 113",-7.07703,108.62761,175,158.276127643613,475.252071831862,644.437992024252,344.741475746462,149.414710203346,13.8097065139596,85.1211722313595,63.4269428323128,251.189721692736,235.099484851123,334.055548679225,303.319227527792,3058.14418177804
114,"Pos 114",-7.00134,108.58966,171,247.100799833142,319.45798076152,265.1470544357,395.332088526864,117.737250124474,50.9604638595133,43.1116869869398,90.7463713730069,45.5817451463957,233.023922212221,345.187168716126,544.82725833822,2698.21379031412
115,"Pos 115",-7.00271,108.54638,249,252.347506666644,387.240417079121,685.093118526916,295.016234578901,179.013426330847,280.61922453457,59.0602407774864,32.3511969720579,136.990333077114,187.513364546747,379.546534076333,497.412084876368,3372.2036820431
116,"Pos 116",-6.97549,108.59197,204,293.200394062863,790.777340951996,312.172272852509,279.971097488988,269.311087960878,69.205070693346,171.558799054108,12.8955494141484,145.856700440773,425.847713856979,416.075181331239,414.01134811316,3600.88255622099
117,"Pos 117",-6.96236,108.68023,42,521.019247306266,112.013407301297,364.637420952707,389.273833969997,114.465987414127,16.1219448440974,3.53788108215231,2.31686607008943,124.142791087781,129.373271826548,314.352912819078,220.545913927955,2311.8014786021
118,"Pos 118",-6.91168,108.49521,512,277.878637920074,229.762561746795,479.853831244531,140.46749755858,291.491598552502,184.174780590718,65.1329168422994,59.522383205075,121.615043562811,29.8047044868327,179.185253530168,266.912606357,2325.80181559739
119,"Pos 119",-6.8669,108.50215,422,237.751184236029,457.74822653973,536.692915024299,197.887892514757,228.395863148408,187.053872387784,19.4324016241029,34.4167482572895,12.6198896544574,310.367023372502,251.307743644526,662.156479053349,3135.83023945723
120,"Pos 120",-6.80974,108.46831,301,501.266560861231,505.69366691771,593.568986993774,192.922539867488,213.303933672067,217.658214889974,137.4684775264,40.0796384270978,126.834226933089,266.968062345916,471.346237918044,487.947196456378,3755.05774280917
121,"Pos 121",-7.12107,108.50564,311,436.331997303604,799.327195174313,175.798000233559,136.321584450448,337.321508780525,239.047503394014,85.329670734357,17.1923459735084,45.5708508282366,610.903768038586,260.04867174336,365.81660261344,3509.00969926795
122,"Pos 122",-6.98611,108.39056,931,419.950475558067,411.226362530391,207.766669442233,334.582239647497,16.814051967402,193.485458289298,30.9697889416911,52.5217735349179,135.25614791255,542.94106986327,198.444857379243,164.620783884354,2708.57967895091
123,"Pos 123",-7.00856,108.41631,737,183.528470760371,366.749550759373,585.844910269725,453.174239920852,362.325526003451,73.5707555066872,130.416906083146,78.64947228503,43.7051118540153,430.49686596317,412.283577705413,1.40006900864944,3122.14545611988
124,"Pos 124",-6.95171,108.47071,707,175.226035632529,307.348764929318,457.172217657345,524.615616187816,526.241229435804,23.1862669084054,8.16032731179354,38.8043783530477,209.693401947451,190.984437523833,322.538516576,255.224240656895,3039.19543312024
125,"Pos 125",-7.08824,108.72118,197,342.146042563482,323.994362667818,285.295102218325,254.876920426732,274.311487616313,171.906946957581,55.413373521167,9.75871484937844,18.8780606854197,492.038494929563,274.421247168272,295.140684025523,2798.18143762957
126,"Pos 126",-6.902,108.74,16,538.911187836041,638.775275758055,466.169111725583,510.219520278166,387.759938231486,10.1725538170722,4.26108939448552,146.678677865727,53.1474910284277,140.389862782555,153.834799067782,451.938175768103,3502.25768355348
127,"Pos 127",-6.85282,108.7228,10,17.179150959152,738.588929990786,433.3916805902,243.490222251051,191.590239643488,25.7043489502111,11.5405384811985,11.6127869444528,74.9368627632156,189.50685695075,510.544923746502,585.102653339301,3033.18919461031
128,"Pos 128",-6.8899,108.6187,36,439.920906154207,444.956804058676,736.924323797041,304.921393719735,115.80147344217,67.410619209786,33.2709608771882,185.065660139996,93.6845518826232,355.342060590116,427.555544413617,190.299876654229,3395.15417493939
129,"Pos 129",-6.86224,108.5667,100,314.669376194126,430.033655118756,454.026172716219,457.954391198882,390.797886356206,98.9993437288498,24.9268144680728,22.7934003381586,162.990239609918,581.134825274832,140.512374204118,895.977706155263,3974.8161853634
130,"Pos 130",-6.86667,108.56667,130,177.44398192013,587.867946304473,396.599593864113,446.12437557345,213.231142389764,51.5835363086118,12.8930895518986,107.423994050413,86.1084491630743,104.992233573249,334.107823066008,210.825213752878,2729.20137951806
131,"Pos 131",-6.60289,108.38599,16,362.513759180518,567.7920185312,15.1810504554703,218.940640677198,278.295653579266,272.893119506398,100.66189020326,15.4105688619462,87.4055895681012,17.9028049775141,105.831571693944,113.055934709275,2155.88460194409
132,"Pos 132",-6.8167,108.57064,40,415.845640053547,410.531191040349,387.11992748172,267.901427194299,168.080782260137,245.50944530517,2.11335409826111,43.10348322535,80.4671638152847,349.386535593663,494.090742454701,595.957265725152,3460.10695824763
133,"Pos 133",-6.77998,108.58189,2,429.026833442762,130.984366975321,415.583927044071,328.458480266693,42.0829466736373,83.3271296005273,39.4546689195188,33.5312051341844,51.86247156425,139.284486620795,299.808350237002,194.932523568794,2188.33739004756
134,"Pos 134",-6.79,108.57,21,410.807588788296,1038.04032417231,367.616779535534,434.605869327697,250.157970516015,128.446106191392,72.0248853256252,18.1494420903997,172.213179297735,206.75941896387,121.34619988019,468.243072585332,3688.4108366744
135,"Pos 135",-6.82263,108.55604,219,215.08061862841,678.765641309224,322.343238269026,179.150998563337,314.002329258761,154.54465121723,142.80959575493,172.785933304067,115.084482431025,231.409990426429,183.032803002397,89.5418726085624,2798.5521547734
136,"Pos 136",-6.75569,108.51056,3,331.765168394624,730.577249240518,149.384452325212,632.597502352012,263.27533977831,143.667805391519,30.7212330383838,50.8882180236294,303.358361525564,138.463283788699,138.81541234945,523.19434668286,3436.70837289078
137,"Pos 137",-6.75236,108.41797,58,501.560010490221,444.291972227159,239.501378521084,571.2169331064,1.65057421279403,87.2485941011041,139.907650970054,43.3718791377791,78.5232179902489,280.841015252712,347.153807121266,118.003039690198,2853.27007282102
138,"Pos 138",-6.75447,108.46953,65,333.204556872094,347.707005645235,463.370295648998,367.726168528859,189.075029320622,302.163157726796,71.8792810998393,91.5064734428611,16.7516888443905,13.2995060023123,302.181124145302,833.60515339198,3332.46944066929
139,"Pos 139",-6.67574,108.49495,5,132.76670803171,509.493241605224,177.951436473805,518.926675817385,100.138902077668,176.830787947104,40.1355725556142,76.0169001747413,209.983628533272,306.170387769287,250.0742123538,65.5818851452343,2564.07033848484
140,"Pos 140",-6.83583,108.62167,5,381.233350311513,306.761763718614,194.593166444875,357.562964625805,170.453384293339,284.124172118904,133.102778245613,39.9646095118579,5.3289653101139,301.655161902405,527.404630228463,404.186566793136,3106.37151350464
141,"Pos 141",-6.74047,108.43039,26,449.093813086451,241.781994213411,541.347485201948,151.677621370041,164.382228078244,23.7186331358748,86.237204605373,17.3636236425951,68.8527283600556,198.593725940491,558.124183290725,603.124429186308,3104.29767011152
142,"Pos 142",-6.71501,108.36773,34,324.264568975454,898.639821067605,591.823613910361,259.691998363191,295.773718543999,15.980847751682,81.1296776018051,72.2055803214819,88.2906803279098,176.009372604842,405.062787110214,172.899952863541,3381.77261944209
143,"Pos 143",-6.60138,108.41593,26,684.701415715726,682.988991893888,221.1233786983,367.771875601327,305.194501493086,106.410451028103,162.448761001218,39.6598680104986,84.8280129989907,138.501746315723,319.380971744054,168.483605794563,3281.49358029548
144,"Pos 144",-6.88362,108.71136,5,104.253384926727,609.798848106658,405.095106063426,357.156531930607,144.673599178375,215.43415620439,57.0999794218082,45.3961088992592,26.6423515130407,429.972079801604,224.846575496686,80.0567924579261,2700.42551400051
145,"Pos 145",-6.701,108.48048,28,472.061162449613,605.715153974502,602.494557530677,157.922861978042,191.420166180969,33.9674192859569,102.37268019471,87.9283505129654,81.2059652265298,261.184809317208,216.942080792899,357.950626247873,3171.16583369194
146,"Pos 146",-6.97678,108.18026,595,272.960700263407,716.594248622038,367.767253509651,43.5977476427734,380.833230324133,160.808756990541,62.008035334091,81.9338313331017,24.0902395504878,269.968696065051,145.872911912521,524.420486815256,3050.85613836305
147,"Pos 147",-7.03712,108.23473,706,588.258859514007,226.255531555718,179.595392322514,498.786731264535,129.060263197851,94.5338614317708,63.1155196169576,118.932716630494,164.033753999183,289.237822175609,380.417377272815,596.412516606125,3328.64034558758
148,"Pos 148",-7.02881,108.33954,605,151.1301574959,644.945325084563,139.128739306902,343.034115457354,209.578406334759,316.31363319555,35.8654812475164,118.985578429854,37.4806372655094,409.337926128394,325.463499218044,251.468087807724,2982.73158697207
149,"Pos 149",-7.00978,108.34977,596,329.199004117087,534.514614943338,494.743257952327,378.878808686848,376.97976020438,33.1164547925495,18.0865487187639,68.9316458979575,26.9842411462673,182.73933883902,76.7707559319804,498.449905303559,3019.39433653408
150,"Pos 150",-6.95553,108.33501,855,333.848689028805,496.503011505818,218.654167504402,399.02629512631,351.908583623433,198.132601556268,110.48472401026,39.1619584307798,284.462624734198,530.930527128899,260.768071758565,353.515224903094,3577.39647931083
151,"Pos 151",-6.96667,108.36667,636,273.317499810472,576.438970726748,398.148524569382,272.562103036335,198.062239180737,116.371009906669,52.86368276774,3.40702267358715,235.909489680483,409.072054947215,126.544563221979,482.844639569028,3145.54180009038
152,"Pos 152",-6.96707,108.31368,637,188.940876791767,695.499494462827,323.21560346212,50.7040711947994,390.185550552949,238.720859167627,124.871086322326,66.7702923977665,98.9337601669853,102.47131452806,173.965448985242,460.060042785589,2914.33840081806
153,"Pos 153",-6.88375,108.29258,514,107.730112247144,618.807616222736,728.396685722648,577.758779098958,167.464533689938,87.4146238306253,35.9157203515172,48.3055477841355,68.6625163680696,358.744667875501,304.701580546552,606.073503783713,3709.97588752154
154,"Pos 154",-6.88093,108.30389,552,367.069004634139,456.497784357681,418.940584373951,352.652319131286,143.176218860735,235.114055466997,121.450694441851,41.3981129893162,57.620823617139,5.55288477522413,105.869713973956,267.094736858638,2572.43693348091
155,"Pos 155",-6.81442,108.29194,181,484.174166638208,467.528111704313,684.061480758136,270.51820079531,168.521642213875,183.364846489168,6.69233335512104,151.897600041457,84.7909557665403,466.093867347543,229.169108642181,300.196056617315,3497.00837036917
156,"Pos 156",-6.76409,108.33453,145,243.320472248493,759.506818480108,445.930226713448,451.847585795205,161.970682707595,174.153335141404,93.3548808083591,135.044019775661,199.568706252595,224.930408959571,239.72873725592,588.704306702689,3718.06018084105
157,"Pos 157",-6.75,108.25,45,121.808187690792,561.241949586779,612.066029062268,186.508046756897,183.568925691217,253.356440499789,4.13735989313722,13.9878761251395,128.475167017976,303.657207881894,56.178066702851,567.270537858256,2992.25579476699
158,"Pos 158",-6.75,108.16667,53,158.532947128407,484.998043657327,464.485965256645,197.546692902847,363.155055891161,51.0473436914005,42.6511786390711,11.7465379428458,51.2906178985497,200.781612130542,337.942649949312,380.80514548785,2744.98379057596
159,"Pos 159",-6.59547,108.24,36,281.741736414026,473.157698146679,525.338192278228,526.774537939319,376.310907378155,153.400395719994,140.909814637001,33.5617808397978,270.28090327549,312.209491418033,78.1543731013667,652.299208608841,3824.13903975693
160,"Pos 160",-6.6454,108.22995,45,547.954725399953,767.325485697766,240.1855615809,501.354065245198,290.824906771376,163.306473938412,94.8485965284902,27.8009776163645,4.22198442609189,305.658116102127,309.331264164021,862.84709933833,4115.65925680903
161,"Pos 161",-6.66333,108.22013,41,415.544381881586,119.766400055607,559.838682702857,347.409492150285,193.25340779217,126.992377957323,75.8167009491748,36.4553515638296,268.712396117848,264.760058144007,130.305118184372,60.2892498385714,2599.14361733763
162,"Pos 162",-6.83333,108.25,213,479.143030625376,407.402657911798,399.592507280752,187.065659159365,208.603055467236,113.910057572793,66.5118896697718,13.5096669694273,124.305269728994,197.454729416481,263.634648421311,813.130988729705,3274.26416095301
163,"Pos 163",-6.74052,108.00991,375,326.725716643234,254.613371467217,258.846470469455,254.840086899069,327.671346355926,316.61318201787,23.0084197316821,51.6263001440051,100.400540612301,189.70848434694,163.66592652938,630.229407802559,2897.94925301964
164,"Pos 164",-6.7985,108.01632,434,323.962960136907,420.284620640584,268.901747727263,252.864010262743,318.426910539997,206.177202903418,55.5691666581308,42.1475491733862,174.980388881074,348.532875671709,227.882136816326,198.492691364195,2838.22226077573
165,"Pos 165",-6.81452,107.95041,545,261.14872789908,453.110043428002,533.748126566903,501.93009837126,300.60018207374,131.533452919244,39.3871706854552,90.1472152966978,20.5127375285029,150.32266648693,312.524147382699,629.595625459894,3424.56019409841
166,"Pos 166",-6.76167,108.13583,45,142.994363301925,271.958402652279,529.079198773304,301.706916860137,169.938609642304,64.9181458461531,75.0491756245035,69.824057328031,123.933817709269,94.7128811417605,167.198862904483,627.557214141254,2638.8716459254
167,"Pos 167",-6.71,108.1,50,519.46505263047,723.455729318948,626.63760790541,228.477953506865,326.878561633847,218.016732214263,23.5490493313584,11.8702110485512,113.629589332398,14.6775926376183,298.123279342143,112.170035663611,3216.95139456548
168,"Pos 168",-6.60386,106.78731,261,446.913160028805,528.511050126067,466.384889204332,204.404660005882,263.619475380941,124.870455909234,93.4896709786756,5.88875338392828,264.493396032499,326.07477400153,437.286966768616,7.38194889359056,3169.3192007141
169,"Pos 169",-6.58912,107.95114,53,335.533966735325,693.789427404488,751.007496762908,347.032443173678,159.379199902011,9.71392565692844,64.3261501440504,93.4242439708675,170.106229584358,187.695445224961,273.719116072709,717.912589130252,3803.64023376253
170,"Pos 170",-6.78732,106.77858,576,336.30107924019,540.224433647474,475.09295135805,366.913643532236,207.738745966386,111.337383856609,75.2270581476925,48.9110272539854,123.290688232059,478.716143988232,337.792309048146,546.627323991695,3648.17278826276
171,"Pos 171",-6.43974,108.07802,8,48.5111226095347,209.326787637754,458.008615895435,104.809389378455,210.802197323625,195.907610677466,80.1019987394964,15.081302577216,74.5885522432796,92.8735858958541,169.891788143171,319.045925097566,1978.94887621885
172,"Pos 172",-7.14522,106.54304,524,411.585340422369,567.876473897525,331.172976907512,147.845308289365,246.591847150125,141.852600880098,84.4447832637752,70.2664214405942,259.447265937274,390.454080739423,397.311338497881,248.305716453478,3297.15415387942
173,"Pos 173",-6.39214,108.05349,12,148.718765419443,417.228360803206,271.973843883081,470.651985893647,431.329370033197,70.0779016245552,31.3753625705043,23.6478470319977,43.1446739856394,213.427987891624,342.358015442373,790.632138014446,3254.56625259372
174,"Pos 174",-6.4982,108.1681,30,528.369111162178,321.951689133885,411.760491141655,290.999471406076,209.707171997489,154.891527448478,101.697960034267,147.528041718385,202.510907107932,264.285370112522,303.241534895847,815.740810853759,3752.68408701247
175,"Pos 175",-6.52537,108.12609,32,277.262412656374,217.868858421592,384.50555279909,193.851649155665,593.016507050579,298.625911389563,40.798850439511,102.340865232756,86.9085295024179,368.602763316451,209.810963034954,671.470918776229,3445.06378177518
176,"Pos 176",-6.51813,108.21253,21,396.536517001299,558.135541297237,367.951853531206,361.994227397644,394.349574544521,0.165496029176069,81.474107788815,44.8415364944816,196.098619903916,102.372845469826,119.452520457664,528.120110987904,3151.49295090369
177,"Pos 177",-6.54555,108.31535,18,465.186117239658,644.242593840145,399.193576657108,177.482396112021,38.3231148104539,161.198368902807,46.5843232735348,9.84834354806264,35.3248245035232,72.0854758768977,76.1672370412097,866.790952191355,2992.42732399678
178,"Pos 178",-6.46,108.29,7,443.459090763996,626.660966687204,650.451333034782,435.575994333051,167.613436388878,275.036030819431,68.1467902487399,73.0071830979711,82.6598804087713,196.558667822864,231.477009003163,120.773880109629,3371.42026271848
179,"Pos 179",-7.62923,108.16588,259,404.296488363011,544.627998366181,253.771289223539,348.063678340085,340.507266945548,42.7186325561608,14.2791547645339,95.8591412805948,145.777247955272,110.957762072888,551.303361193074,571.986849391956,3424.14887045284
180,"Pos 180",-6.60568,108.3001,25,160.46307301952,380.22527216226,695.555518287682,195.032084690397,307.595382842945,206.401647367478,48.4543404803274,43.1676502223254,21.6199614198297,263.548463040722,365.438180941163,353.150896232978,3040.65247070763
181,"Pos 181",-6.5037,108.4846,19,323.475207858323,330.823737253872,489.599860543591,53.0974275924896,351.982237064042,160.787112886763,36.8004988590612,84.2122561657603,28.4210076439701,75.1076772172771,198.527719998881,202.539233716275,2335.37397680031
182,"Pos 182",-6.5089,108.4269,12,309.296544635508,464.882398713147,472.932318719207,234.183883483532,290.802652837431,24.6600301283257,39.2735923579615,64.6557128321729,14.3299065687662,415.356337371388,401.80975341453,597.151820625683,3329.33495168765
183,"Pos 183",-6.4343,108.4389,15,181.017078554381,624.171761046337,542.000888588774,132.12429741655,388.10051607989,178.231297509845,156.170557759342,75.3955674413322,55.4599059069416,131.51005476318,423.153231676507,135.936524432262,3023.27168117534
184,"Pos 184",-6.4543,108.3402,12,243.110172546416,355.142804844492,419.661262910686,511.077759107968,358.331217220273,495.07093407201,155.588623245481,108.050894634865,350.447214599675,328.692315317846,54.5496571355778,453.632805555691,3833.35566119098
185,"Pos 185",-6.4894,108.3093,4,420.11124497416,629.243309088027,295.144045081251,316.266126068542,299.007335205615,159.696380610002,82.0542930975543,84.0769192748159,265.478405392963,228.4420966164,361.548176937918,696.269704761455,3837.3380371087
186,"Pos 186",-6.3889,107.93151,18,491.805743471069,694.250350857769,441.167779566828,415.636396176662,344.194271202843,106.696505269405,103.053456902583,69.1226733627788,56.8355509394385,303.472152175276,73.0911001454789,365.263389867931,3464.58936993806
187,"Pos 187",-6.3457,108.3237,11,259.121646211323,248.702606996132,341.168980090512,391.078936428663,356.12501218792,127.415642089184,59.4596324238426,33.56454306542,143.137676241123,583.303790965687,295.943713902316,676.594173521577,3515.6163541237
188,"Pos 188",-6.4054,108.2831,7,471.951272214266,585.124650676358,364.167059699476,441.804357979846,147.925602278672,53.4531669700367,8.80614021195023,117.885585782699,187.649253693742,314.907519390228,271.727659502259,112.861979345548,3078.26424774508
189,"Pos 189",-6.3528,108.2469,20,171.983114305249,356.56241388376,545.724642581071,460.417153655125,405.171628349883,70.6338377897517,59.1355979115368,70.1470233200799,217.721079367523,176.118388944648,375.475023879026,461.891666848247,3370.9815708359
190,"Pos 190",-6.40527,108.15065,14,353.088089697969,337.157191025242,367.948946326615,401.72986176766,535.409311737555,121.388488492375,16.2139554645846,35.635466792019,186.028441929149,343.410746494752,281.205776987523,428.744094656082,3407.96037137153
191,"Pos 191",-6.3622,108.114,10,91.622691923179,532.548578500717,265.964787692304,451.024753062373,402.300819945946,108.557514793811,62.1068085818776,10.1967859508408,134.48275471811,197.8914494841,56.2995273346976,201.13140900593,2514.12788099389
192,"Pos 192",-6.50943,106.50347,154,414.796774478509,767.811454095724,465.302513621654,330.720041197079,298.117170185552,12.0776259021101,90.4291395286317,2.58056913582369,264.182638154068,97.4234509087232,327.000315730016,58.772635465408,3129.2143284033
193,"Pos 193",-6.34528,107.95554,7,97.9992900066625,222.278325702119,454.442867576186,339.813164741697,98.0597520802601,173.437255778225,73.4044579757855,14.842601743731,132.608588664503,583.819470668231,209.751037262349,894.110856553135,3294.56766875288
194,"Pos 194",-6.41814,107.96202,7,444.308385840572,392.284936779788,389.913258624198,410.667998739093,285.686073256325,313.260550011209,59.2090205527679,152.164773113487,274.223718586172,282.952408563913,397.198156690905,482.689583558121,3884.55886431655
195,"Pos 195",-6.36217,108.00041,9,382.766183183826,305.930952387324,412.543013612168,365.132834948212,12.6663112820836,78.6731060487768,16.6733453305594,77.4261688319164,204.807023361299,273.711881592829,491.789842032109,382.215593547018,3004.33625615812
196,"Pos 196",-6.29894,107.98459,12,349.594503179368,585.502146144735,700.967033892344,143.108897574439,415.329893705512,6.89202779614746,113.076953310917,92.7843634868071,34.0485696507659,463.012033110966,579.765064756312,327.777213118223,3811.85869972654
197,"Pos 197",-6.30959,107.936,9,184.553623994073,220.581674961685,375.906794818546,316.83490469608,218.448319261098,288.06790476736,37.0490528319562,121.18778885758,74.8606049144414,477.344584950692,277.022012115346,923.489413658879,3515.34667982774
198,"Pos 198",-6.67306,107.67444,579,428.989977715783,94.7450240342778,488.743771798109,17.9193806662306,207.146768752383,301.470724211088,152.147941615606,4.45140200908303,45.822183039565,152.167409613719,280.702337532591,477.891013176891,2652.19793416533
199,"Pos 199",-6.6326,107.66563,322,352.345208444547,331.525653387179,146.117051738142,294.191458320671,85.6892930660999,115.751483108775,188.087794020403,25.1893243133887,116.962439207078,21.9122403372975,264.321409766946,550.257952157052,2492.35130786758
200,"Pos 200",-6.5575,107.68861,256,408.391131156033,267.766407979894,402.203342556938,343.958064323876,175.150742979705,116.246626087353,121.545269965284,14.0265624077066,167.700845572164,204.767914327347,349.673101967148,407.187379496148,2978.6173888196
201,"Pos 201",-6.54694,107.7378,105,596.140386310971,226.336785017235,308.120355689687,50.0287325912165,189.661015380495,68.491545272244,17.6720251877553,34.0256866866063,144.781695144632,425.19863002348,110.801317224789,263.303474543353,2434.56164907246
202,"Pos 202",-6.7226,106.6039,947,113.007658042296,203.915115319022,734.301132193855,251.301426700613,466.817721110399,164.357898690012,106.45047578281,100.005265779479,286.708612268993,535.178470760784,174.994311800701,448.780794658257,3585.81888310722
203,"Pos 203",-6.35408,107.66262,35,526.15284092825,393.57521484082,682.933381441584,207.466264952996,271.34527979183,171.465596478245,72.1022342815267,97.9906241067545,236.129437900335,185.656680288702,342.12977713074,107.458678591654,3294.40601073344
204,"Pos 204",-6.33006,107.89994,19,491.048851560766,556.523539867366,699.155523377378,271.341629954201,183.528517695487,368.00951574728,25.8019544507885,58.7579107112572,115.224094570607,253.286600985645,251.723971780975,406.549060343787,3680.95117104554
205,"Pos 205",-6.2965,107.9077,5,552.561836687025,500.302408081863,534.28326013103,481.609434382061,328.487848980947,40.6856947778407,12.9378297727681,62.4730671567094,211.962082437833,203.342149428917,149.649868595445,650.64173962666,3728.9372200591
206,"Pos 206",-6.28533,107.87731,21,353.12841521891,199.301433915321,311.064424518318,352.13925189924,257.299804219089,14.7953262624793,68.1986524186518,44.9465193433213,182.39379197664,384.54426879625,284.270600293108,386.607587598849,2838.69007646018
207,"Pos 207",-6.27077,107.60678,13,547.134003723022,288.074945110004,562.263379750817,251.801890207273,191.209426651091,23.7238952189691,35.0355547742311,105.670449484253,145.735043878136,11.920180860474,460.945389538723,194.530734413859,2818.04489361085
208,"Pos 208",-6.42089,107.89289,36,588.629796026028,832.211968682794,570.218778266158,441.645290446827,256.61887601169,118.352141148506,127.79845172417,40.1898734588937,0.663719227085807,299.062544644678,284.602408902411,384.523391356382,3944.51723989562
209,"Pos 209",-6.66481,107.63058,608,422.970277915877,203.068250542067,270.198186365755,282.823892163417,183.071232767659,163.112423873605,150.632149312669,147.327071412474,83.911305384218,435.832052157409,308.829704042596,187.978238156811,2839.75478409456
210,"Pos 210",-6.52498,107.44754,115,254.355904994398,428.991874245597,289.803190035901,315.146780642496,346.36517001069,159.77269560358,117.665024224193,79.5045940805645,319.722815049396,440.095893451304,123.569808543791,306.202011023364,3181.19576190528
211,"Pos 211",-6.52728,107.4599,109,48.8322519920106,496.028383346798,487.630520735514,236.034071829748,458.163199430826,125.864323407201,70.069155477271,34.7963223796558,288.190521702169,639.878501182301,524.2685760044,643.33836863311,4053.094196121
212,"Pos 212",-6.42879,107.4605,72,4.24816915566055,848.375212531452,373.170145201081,363.45606499017,231.300814341715,127.350642773645,31.4585949306816,44.3979327959907,0.778893601867637,74.5170880852509,137.646413841132,777.263669350291,3013.96364159894
213,"Pos 213",-6.51,107.48,97,78.1713380136923,104.07540381948,500.610617175845,299.651988819676,233.428970975315,88.9939874822605,63.5703556067704,138.360118684475,82.2131047484191,271.8961758421,338.477031472781,217.843347890822,2417.29244053164
214,"Pos 214",-6.55142,107.51512,75,189.713903486277,357.116999061098,227.73619341046,133.524367147249,180.44439981845,289.612359624332,44.9920827724774,30.6870829139577,125.590046802225,228.7750966055,317.230401745341,629.303621239407,2754.72655462678
